Nom,Type,Cat√©gorie,Description,URL,Fonctionnalit√©s,Prix,√âvaluation,Commentaires,D√©veloppeur/√âditeur
ChatGPT,IA,Productivit√©,Un mod√®le de langage d√©velopp√© par OpenAI,https://chat.openai.com,G√©n√©ration de texte,Gratuit avec options payantes,4.5,"Tr√®s utile pour g√©n√©rer du contenu.",OpenAI
TensorFlow,IA,D√©veloppement,Une biblioth√®que de machine learning open-source par Google,https://www.tensorflow.org,Machine learning,Gratuit,4.7,"Excellent pour le ML.",Google
Slack,Application,Productivit√©,Outil de communication et de collaboration pour √©quipes,https://slack.com,Messagerie et int√©gration,Gratuit avec options payantes,4.4,"Facilite le travail en √©quipe.",Slack Technologies
Zoom,Application,Communication,Plateforme de visioconf√©rence,https://zoom.us,Vid√©o et audio conf√©rence,Gratuit avec options payantes,4.6,"Tr√®s pratique pour les r√©unions en ligne.",Zoom Video Communications
Spotify,Application,Divertissement,Service de streaming musical,https://spotify.com,Streaming de musique,Gratuit avec options payantes,4.8,"Large choix de musique.",Spotify
Netflix,Site web,Divertissement,Plateforme de streaming vid√©o,https://netflix.com,Streaming de films et s√©ries,Payant,4.7,"Excellente qualit√© de contenu.",Netflix Inc.
Duolingo,Application,√âducation,Application pour apprendre des langues,https://duolingo.com,Le√ßons de langue interactives,Gratuit avec options payantes,4.8,"Tr√®s utile pour apprendre de nouvelles langues.",Duolingo
Coursera,Site web,√âducation,Plateforme de cours en ligne,https://coursera.org,Cours en ligne,Gratuit avec options payantes,4.5,"Grande vari√©t√© de cours.",Coursera Inc.
Google Drive,Application,Productivit√©,Service de stockage en ligne,https://drive.google.com,Stockage et partage de fichiers,Gratuit avec options payantes,4.7,"Tr√®s pratique pour stocker des fichiers.",Google
Dropbox,Application,Productivit√©,Service de stockage en ligne,https://dropbox.com,Stockage et partage de fichiers,Gratuit avec options payantes,4.6,"Tr√®s utile pour la sauvegarde des fichiers.",Dropbox Inc.
Microsoft Office,Application,Productivit√©,Suite bureautique comprenant Word, Excel et PowerPoint,https://www.microsoft.com/office,Bureautique,Payant,4.8,"Tr√®s complet et utile pour le travail.",Microsoft
Adobe Creative Cloud,Application,Cr√©ation,Suite de logiciels de cr√©ation graphique et vid√©o,https://www.adobe.com/creativecloud.html,Cr√©ation graphique et vid√©o,Payant,4.6,"Tr√®s puissant et complet.",Adobe
Canva,Application,Cr√©ation,Outil de design graphique en ligne,https://www.canva.com,Design graphique,Gratuit avec options payantes,4.7,"Tr√®s facile √† utiliser et intuitif.",Canva
Trello,Application,Productivit√©,Outil de gestion de projet et de collaboration,https://trello.com,Gestion de projet,Gratuit avec options payantes,4.5,"Tr√®s utile pour organiser le travail.",Atlassian
Evernote,Application,Productivit√©,Outil de prise de notes et de gestion de t√¢ches,https://evernote.com,Prise de notes et gestion de t√¢ches,Gratuit avec options payantes,4.4,"Tr√®s pratique pour les notes et les rappels.",Evernote Corporation
Microsoft Teams,Application,Communication,Plateforme de collaboration et de communication pour √©quipes,https://teams.microsoft.com,Messagerie, audio et vid√©o conf√©rence,Gratuit avec options payantes,4.6,"Tr√®s pratique pour les r√©unions en ligne et la collaboration en √©quipe.",Microsoft
Google Meet,Application,Communication,Plateforme de visioconf√©rence,https://meet.google.com,Vid√©o et audio conf√©rence,Gratuit,4.5,"Tr√®s utile pour les r√©unions en ligne.",Google
Google Classroom,Site web,√âducation,Plateforme de gestion de classe pour les enseignants et les √©l√®ves,https://classroom.google.com,Enseignement √† distance,Gratuit,4.7,"Tr√®s utile pour les enseignants et les √©l√®ves.",Google
Google Docs,Site web,Productivit√©,Suite bureautique en ligne comprenant Docs, Sheets et Slides,https://docs.google.com,Bureautique,Gratuit,4.6,"Tr√®s pratique pour travailler en ligne avec d'autres personnes.",Google
Google Sheets,Site web,Productivit√©,Tableur en ligne,https://sheets.google.com,Tableur,Gratuit,4.6,"Tr√®s utile pour la gestion de donn√©es.",Google
Google Slides,Site web,Productivit√©,Pr√©sentation en ligne,https://slides.google.com,Pr√©sentation,Gratuit,4.5,"Tr√®s pratique pour cr√©er des pr√©sentations.",Google
Google Forms,Site web,Productivit√©,Outil de cr√©ation de formulaires en ligne,https://forms.google.com,Cr√©ation de formulaires,Gratuit,4.5,"Tr√®s utile pour cr√©er des sondages et des questionnaires.",Google
Google Keep,Site web,Productivit√©,Outil de prise de notes en ligne,https://keep.google.com,Prise de notes,Gratuit,4.4,"Tr√®s pratique pour prendre des notes rapides.",Google
Google Calendar,Site web,Productivit√©,Calendrier en ligne,https://calendar.google.com,Calendrier,Gratuit,4.6,"Tr√®s utile pour g√©rer son emploi du temps.",Google
Google Photos,Site web,Divertissement,Service de stockage et de partage de photos en ligne,https://photos.google.com,Stockage de photos,Gratuit avec options payantes,4.7,"Tr√®s pratique pour stocker et partager des photos.",Google
Google Maps,Site web,Navigation,Service de cartographie en ligne,https://maps.google.com,Navigation,Gratuit,4.8,"Tr√®s utile pour se d√©placer.",Google
Google Translate,Site web,Utilitaires,Service de traduction en ligne,https://translate.google.com,Traduction,Gratuit,4.7,"Tr√®s utile pour traduire des textes.",Google
Google Flights,Site web,Voyages,Moteur de recherche de vols en ligne,https://www.google.com/flights,Recherche de vols,Gratuit,4.6,"Tr√®s utile pour trouver des vols.",Google
Google Hotels,Site web,Voyages,Moteur de recherche d'h√¥tels en ligne,https://www.google.com/hotels,Recherche d'h√¥tels,Gratuit,4.5,"Tr√®s utile pour trouver des h√¥tels.",Google
Google News,Site web,Actualit√©s,Service de nouvelles en ligne,https://news.google.com,Actualit√©s,Gratuit,4.5,"Tr√®s utile pour se tenir inform√©.",Google
Microsoft Word,Application,Productivit√©,Traiteman textuel,https://www.microsoft.com/word,√âdition de texte,Payant,4.8,"Tr√®s complet et utile pour le travail.",Microsoft
Microsoft Excel,Application,Productivit√©,Tableur,https://www.microsoft.com/excel,Calcul,Payant,4.8,"Tr√®s complet et utile pour la gestion de donn√©es.",Microsoft
Microsoft PowerPoint,Application,Productivit√©,Pr√©sentation,https://www.microsoft.com/powerpoint,Cr√©ation de pr√©sentations,Payant,4.7,"Tr√®s complet et utile pour les pr√©sentations.",Microsoft
Microsoft OneNote,Application,Productivit√©,Prise de notes,https://www.microsoft.com/onenote,Prise de notes,Payant,4.6,"Tr√®s complet et utile pour la prise de notes.",Microsoft
Microsoft Outlook,Application,Communication,Gestion de courrier √©lectronique,https://www.microsoft.com/outlook,Courrier √©lectronique,Payant,4.6,"Tr√®s complet et utile pour la gestion de courrier √©lectronique.",Microsoft
Microsoft Edge,Application,Utilitaires,Navigateur web,https://www.microsoft.com/edge,Navigation web,Gratuit,4.5,"Tr√®s utile pour naviguer sur le web.",Microsoft
Microsoft Power BI,Application,Analyse de donn√©es,Outil d'analyse de donn√©es,https://powerbi.microsoft.com,Analyse de donn√©es,Payant,4.7,"Tr√®s complet et utile pour l'analyse de donn√©es.",Microsoft
Microsoft Azure,Site web,D√©veloppement,Plateforme de cloud computing,https://azure.microsoft.com,Cloud computing,Payant,4.7,"Tr√®s complet et utile pour le d√©veloppement.",Microsoft
Microsoft Dynamics 365,Site web,Entreprise,Plateforme de gestion d'entreprise,https://dynamics.microsoft.com,Gestion d'entreprise,Payant,4.6,"Tr√®s complet et utile pour la gestion d'entreprise.",Microsoft
Microsoft SQL Server,Application,D√©veloppement,Syst√®me de gestion de base de donn√©es,https://www.microsoft.com/sql-server,Base de donn√©es,Payant,4.7,"Tr√®s complet et utile pour la gestion de bases de donn√©es.",Microsoft
Microsoft Visual Studio,Application,D√©veloppement,Environnement de d√©veloppement int√©gr√©,https://visualstudio.microsoft.com,D√©veloppement,Payant,4.7,"Tr√®s complet et utile pour le d√©veloppement.",Microsoft
Microsoft Teams,Application,Communication,Plateforme de collaboration et de communication pour √©quipes,https://teams.microsoft.com,Messagerie, audio et vid√©o conf√©rence,Gratuit avec options payantes,4.6,"Tr√®s pratique pour les r√©unions en ligne et la collaboration en √©quipe."
Microsoft Power Automate,Application,Productivit√©,Automatisation de workflows,https://flow.microsoft.com,Automatisation de workflows,Payant,4.5,"Tr√®s utile pour automatiser les t√¢ches.",Microsoft
Microsoft Stream,Site web,Productivit√©,Plateforme de vid√©o en entreprise,https://stream.microsoft.com,Vid√©o en entreprise,Payant,4.5,"Tr√®s utile pour la gestion de vid√©os en entreprise.",Microsoft
Microsoft Forms,Application,Productivit√©,Cr√©ation de formulaires,https://forms.microsoft.com,Cr√©ation de formulaires,Gratuit avec options payantes,4.5,"Tr√®s utile pour cr√©er des formulaires.",Microsoft
Microsoft Planner,Application,Productivit√©,Gestion de projets,https://planner.microsoft.com,Gestion de projets,Gratuit avec options payantes,4.5,"Tr√®s utile pour g√©rer des projetsGoogle Chrome,Application
Google Play,Site web,Divertissement,Boutique d'applications pour Android,https://play.google.com/store,T√©l√©chargement d'applications,Gratuit,4.5,"Tr√®s utile pour t√©l√©charger des applications sur Android.",Google
Google Drive,Site web,Productivit√©,Service de stockage et de partage de fichiers en ligne,https://drive.google.com,Stockage et partage de fichiers,Gratuit avec options payantes,4.7,"Tr√®s utile pour stocker et partager des fichiers.",Google
Google Docs,Site web,Productivit√©,Traitement de texte en ligne,https://docs.google.com,√âdition de texte,Gratuit,4.6,"Tr√®s utile pour √©diter des documents en ligne.",Google
Google Sheets,Site web,Productivit√©,Tableur en ligne,https://sheets.google.com,Calcul,Gratuit,4.6,"Tr√®s utile pour g√©rer des donn√©es en ligne.",Google
Google Slides,Site web,Productivit√©,Pr√©sentation en ligne,https://slides.google.com,Cr√©ation de pr√©sentations,Gratuit,4.5,"Tr√®s utile pour cr√©er des pr√©sentations en ligne.",Google
Google Forms,Site web,Productivit√©,Cr√©ation de formulaires en ligne,https://forms.google.com,Cr√©ation de formulaires,Gratuit,4.5,"Tr√®s utile pour cr√©er des formulaires en ligne.",Google
Google Keep,Site web,Productivit√©,Prise de notes en ligne,https://keep.google.com,Prise de notes,Gratuit,4.4,"Tr√®s utile pour prendre des notes en ligne.",Google
Google Calendar,Site web,Productivit√©,Calendrier en ligne,https://calendar.google.com,Calendrier,Gratuit,4.6,"Tr√®s utile pour g√©rer son emploi du temps en ligne.",Google
Google Photos,Site web,Divertissement,Service de stockage et de partage de photos en ligne,https://photos.google.com,Stockage et partage de photos,Gratuit avec options payantes,4.7,"Tr√®s utile pour stocker et partager des photos en ligne.",Google
Google Maps,Site web,Navigation,Service de cartographie en ligne,https://maps.google.com,Navigation,Gratuit,4.8,"Tr√®s utile pour se rep√©rer et trouver des itin√©raires.",Google
Google Translate,Site web,Utilitaires,Service de traduction en ligne,https://translate.google.com,Traduction,Gratuit,4.7,"Tr√®s utile pour traduire des textes en ligne.",Google
Google Flights,Site web,Voyages,Moteur de recherche de vols en ligne,https://www.google.com/flights,Recherche de vols,Gratuit,4.6,"Tr√®s utile pour trouver des vols en ligne.",Google
Google Hotels,Site web,Voyages,Moteur de recherche d'h√¥tels en ligne,https://www.google.com/hotels,Recherche d'h√¥tels,Gratuit,4.5,"Tr√®s utile pour trouver des h√¥tels en ligne.",Google
Google News,Site web,Actualit√©s,Service de nouvelles en ligne,https://news.google.com,Actualit√©s,Gratuit,4.5,"Tr√®s utile pour se tenir inform√© en ligne.",Google
Google Shopping,Site web,Achats,Moteur de recherche de produits en ligne,https://shopping.google.com,Achats en ligne,Gratuit,4.5,"Tr√®s utile pour trouver des produits en ligne.",Google
Adobe Photoshop,Application,Cr√©ation,√âditeur d'images,https://www.adobe.com/photoshop.html,√âdition d'images,Payant,4.8,"Tr√®s complet et utile pour la retouche d'images.",Adobe
Adobe Illustrator,Application,Cr√©ation,√âditeur de graphismes vectoriels,https://www.adobe.com/illustrator.html,Cr√©ation de graphismes vectoriels,Payant,4.8,"Tr√®s complet et utile pour la cr√©ation de graphismes vectoriels.",Adobe
Adobe InDesign,Application,Cr√©ation,√âditeur de mise en page,https://www.adobe.com/indesign.html,Mise en page,Payant,4.7,"Tr√®s complet et utile pour la mise en page.",Adobe
Adobe Acrobat,Application,Productivit√©,Lecteur et √©diteur de PDF,https://www.adobe.com/acrobat.html,PDF,Payant,4.6,"Tr√®s complet et utile pour travailler avec des PDF.",Adobe
Adobe Premiere Pro,Application,Cr√©ation,√âditeur de vid√©o,https://www.adobe.com/premiere.html,√âdition de vid√©o,Payant,4.7,"Tr√®s complet et utile pour l'√©dition de vid√©o.",Adobe
Adobe After Effects,Application,Cr√©ation,√âditeur d'effets visuels,https://www.adobe.com/aftereffects.html,Effets visuels,Payant,4.6,"Tr√®s complet et utile pour les effets visuels.",Adobe
Adobe Lightroom,Application,Cr√©ation,√âditeur de photos,https://www.adobe.com/lightroom.html,√âdition de photos,Payant,4.7,"Tr√®s complet et utile pour l'√©dition de photos.",Adobe
Slack,Application,Communication,Plateforme de collaboration et de communication pour √©quipes,https://slack.com,Messagerie, audio et vid√©o conf√©rence,Gratuit avec options payantes,4.6,"Tr√®s pratique pour les r√©unions en ligne et la collaboration en √©quipe.",Slack Technologies
Zoom,Application,Communication,Plateforme de visioconf√©rence,https://zoom.us,Vid√©o et audio conf√©rence,Gratuit avec options payantes,4.6,"Tr√®s pratique pour les r√©unions en ligne.",Zoom Video Communications
Discord,Application,Communication,Plateforme de communication pour les joueurs,https://discord.com,Messagerie, audio et vid√©o conf√©rence,Gratuit,4.5,"Tr√®s pratique pour la communication entre joueurs.",Discord Inc.
Zoom.us,Application,Communication,Plateforme de visioconf√©rence,https://zoom.us,Vid√©o et audio conf√©rence,Gratuit avec options payantes,4.6,"Tr√®s pratique pour les r√©unions en ligne.",Zoom Video Communications
Skype,Application,Communication,Plateforme de communication vocale et vid√©o,https://www.skype.com,Messagerie, audio et vid√©o conf√©rence,Gratuit,4.4,"Tr√®s pratique pour la communication vocale et vid√©o.",Microsoft
WhatsApp,Application,Communication,Messagerie instantan√©e,https://www.whatsapp.com,Messagerie instantan√©e,Gratuit,4.7,"Tr√®s pratique pour la messagerie instantan√©e.",WhatsApp LLC
Facebook Messenger,Application,Communication,Messagerie instantan√©e,https://www.messenger.com,Messagerie instantan√©e,Gratuit,4.5,"Tr√®s pratique pour la messagerie instantan√©e.",Facebook
Instagram,Application,R√©seaux sociaux,R√©seau social de partage de photos et de vid√©os,https://www
Twitter,Application,R√©seaux sociaux,R√©seau social de microblogging,https://twitter.com,Microblogging,Gratuit,4.5,"Tr√®s pratique pour partager des messages courts.",Twitter Inc.
LinkedIn,Application,R√©seaux sociaux,R√©seau social professionnel,https://www.linkedin.com,R√©seau social professionnel,Gratuit avec options payantes,4.6,"Tr√®s pratique pour les professionnels et les entreprises.",Microsoft
Reddit,Application,R√©seaux sociaux,Site web de m√©dias sociaux et de partage de liens,https://www.reddit.com,Partage de liens,Gratuit,4.5,"Tr√®s pratique pour partager et d√©couvrir des liens.",Reddit Inc.
Pinterest,Application,R√©seaux sociaux,Site web de d√©couverte et de partage d'id√©es,https://www.pinterest.com,D√©couverte et partage d'id√©es,Gratuit,4.4,"Tr√®s pratique pour trouver et partager des id√©es.",Pinterest Inc.
TikTok,Application,R√©seaux sociaux,R√©seau social de partage de vid√©os courtes,https://www.tiktok.com,Partage de vid√©os courtes,Gratuit,4.7,"Tr√®s pratique pour partager et d√©couvrir des vid√©os courtes.",ByteDance
Snapchat,Application,R√©seaux sociaux,R√©seau social de partage de photos et de vid√©os √©ph√©m√®res,https://www.snapchat.com,Partage de photos et de vid√©os √©ph√©m√®res,Gratuit,4.4,"Tr√®s pratique pour partager des photos et des vid√©os √©ph√©m√®res.",Snap Inc.
Twitch,Application,R√©seaux sociaux,Site web de streaming en direct de jeux vid√©o,https://www.twitch.tv,Streaming en direct de jeux vid√©o,Gratuit avec options payantes,4.5,"Tr√®s pratique pour regarder et diffuser des jeux vid√©o en direct.",Amazon
YouTube,Application,R√©seaux sociaux,Site web de partage de vid√©os,https://www.youtube.com,Partage de vid√©os,Gratuit,4.6,"Tr√®s pratique pour regarder et partager des vid√©os.",Google
GitHub,Site web,D√©veloppement,Plateforme de d√©veloppement et de collaboration pour les d√©veloppeurs,https://github.com,D√©veloppement et collaboration,Gratuit avec options payantes,4.8,"Tr√®s pratique pour les d√©veloppeurs et les √©quipes de d√©veloppement.",Microsoft
Stack Overflow,Site web,D√©veloppement,Site web de questions et r√©ponses pour les d√©veloppeurs,https://stackoverflow.com,Questions et r√©ponses pour les d√©veloppeurs,Gratuit,4.7,"Tr√®s pratique pour les d√©veloppeurs et les √©quipes de d√©veloppement.",Stack Exchange
Trello,Application,Productivit√©,Outil de gestion de projet et de collaboration,https://trello.com,Gestion de projet et collaboration,Gratuit avec options payantes,4.6,"Tr√®s pratique pour la gestion de projet et la collaboration en √©quipe.",Atlassian
Asana,Application,Productivit√©,Outil de gestion de projet et de collaboration,https://asana.com,Gestion de projet et collaboration,Gratuit avec options payantes,4.5,"Tr√®s pratique pour la gestion de projet et la collaboration en √©quipe.",Asana Inc.
Jira,Application,Productivit√©,Outil de suivi de bugs et de gestion de projet,https://www.atlassian.com/software/jira,Suivi de bugs et gestion de projet,Gratuit avec options payantes,4.6,"Tr√®s pratique pour le suivi de bugs et la gestion de projet.",Atlassian
Confluence,Application,Productivit√©,Outil de collaboration et de documentation d'√©quipe,https://www.atlassian.com/software/confluence,Collaboration et documentation d'√©quipe,Gratuit avec options payantes,4.5,"Tr√®s pratique pour la collaboration et la documentation d'√©quipe.",Atlassian
Notion,Application,Productivit√©,Outil de prise de notes, de gestion de t√¢ches et de wiki,https://www.notion.so,Prise de notes, gestion de t√¢ches et wiki,Gratuit avec options payantes,4.6,"Tr√®s pratique pour la prise de notes, la gestion de t√¢ches et la documentation.",Notion Labs Inc.
Evernote,Application,Productivit√©,Outil de prise de notes et de gestion de t√¢ches,https://evernote.com,Prise de notes et gestion de t√¢ches,Gratuit avec options payantes,4.5,"Tr√®s pratique pour la prise de notes et la gestion de t√¢ches.",Evernote Corporation
Google Analytics,Site web,Analyse,Outil d'analyse web,https://analytics.google.com,Analyse web,Gratuit,4.7,"Tr√®s pratique pour l'analyse web et le suivi du trafic.",Google
SEMrush,Application,Analyse,Outil d'analyse de mots cl√©s et de concurrence,https://www.semrush.com,Analyse de mots cl√©s et de concurrence,Payant,4.6,"Tr√®s pratique pour l'analyse de mots cl√©s et de concurrence.",SEMrush LLC
Moz,Application,Analyse,Outil d'analyse de r√©f√©rencement et de mots cl√©s,https://moz.com,Analyse de r√©f√©rencement et de mots cl√©s,Payant,4.5,"Tr√®s pratique pour l'analyse de r√©f√©rencement et de mots cl√©s.",Moz
SurveyMonkey,Application,Productivit√©,Outil de cr√©ation de sondages en ligne,https://www.surveymonkey.com,Cr√©ation de sondages en ligne,Gratuit avec options payantes,4.5,"Tr√®s pratique pour la cr√©ation de sondages en ligne.",SurveyMonkey Inc.
Typeform,Application,Productivit√©,Outil de cr√©ation de formulaires en ligne,https://www.typeform.com,Cr√©ation de formulaires en ligne,G
Bing,Site web,Moteur de recherche,Moteur de recherche de Microsoft,https://www.bing.com,Moteur de recherche,Gratuit,4.3,"Tr√®s pratique pour la recherche web.",Microsoft
Yahoo!,Site web,Moteur de recherche,Moteur de recherche de Yahoo!,https://www.yahoo.com,Moteur de recherche,Gratuit,4.2,"Tr√®s pratique pour la recherche web.",Yahoo!
DuckDuckGo,Site web,Moteur de recherche,Moteur de recherche ax√© sur la confidentialit√©,https://duckduckgo.com,Moteur de recherche,Gratuit,4.6,"Tr√®s pratique pour la recherche web avec confidentialit√©.",DuckDuckGo
Ecosia,Site web,Moteur de recherche,Moteur de recherche qui plante des arbres,https://www.ecosia.org,Moteur de recherche,Gratuit,4.5,"Tr√®s pratique pour la recherche web et pour l'environnement.",Ecosia
Startpage,Site web,Moteur de recherche,Moteur de recherche ax√© sur la confidentialit√©,https://www.startpage.com,Moteur de recherche,Gratuit,4.6,"Tr√®s pratique pour la recherche web avec confidentialit√©.",Startpage
Qwant,Site web,Moteur de recherche,Moteur de recherche europ√©en ax√© sur la confidentialit√©,https://www.qwant.com,Moteur de recherche,Gratuit,4.4,"Tr√®s pratique pour la recherche web avec confidentialit√©.",Qwant
Wolfram Alpha,Site web,Recherche,Moteur de recherche de connaissances,https://www.wolframalpha.com,Recherche de connaissances,Gratuit avec options payantes,4.7,"Tr√®s pratique pour la recherche de connaissances et de calculs.",Wolfram Alpha LLC
Wayback Machine,Site web,Archivage,Archive du web,https://archive.org/web/,Archivage du web,Gratuit,4.6,"Tr√®s pratique pour l'archivage du web et la recherche d'anciennes versions de sites web.",Internet Archive
HTTP Archive,Site web,Archivage,Archive du web ax√©e sur les performances,https://httparchive.org,Archivage du web,Gratuit,4.5,"Tr√®s pratique pour l'archivage du web et l'analyse des performances des sites web.",HTTP Archive
Google Trends,Site web,Analyse,Outil d'analyse des tendances de recherche,https://trends.google.com,Analyse des tendances de recherche,Gratuit,4.5,"Tr√®s pratique pour l'analyse des tendances de recherche et des mots cl√©s.",Google
Google Alerts,Site web,Notification,Outil de notification pour les alertes de recherche,https://www.google.com/alerts,Notification de recherche,Gratuit,4.4,"Tr√®s pratique pour les notifications de recherche et les alertes de mots cl√©s.",Google
Git,Application,D√©veloppement,Syst√®me de contr√¥le de version distribu√©,https://git-scm.com,Contr√¥le de version,Gratuit,4.8,"Tr√®s pratique pour le contr√¥le de version et la collaboration entre d√©veloppeurs.",Linux Foundation
GitHub,Site web,D√©veloppement,Plateforme de d√©veloppement et de collaboration pour les d√©veloppeurs,https://github.com,D√©veloppement et collaboration,Gratuit avec options payantes,4.8,"Tr√®s pratique pour les d√©veloppeurs et les √©quipes de d√©veloppement.",Microsoft
Bitbucket,Site web,D√©veloppement,Plateforme de d√©veloppement et de collaboration pour les d√©veloppeurs,https://bitbucket.org,D√©veloppement et collaboration,Gratuit avec options payantes,4.6,"Tr√®s pratique pour les d√©veloppeurs et les √©quipes de d√©veloppement.",Atlassian
GitLab,Site web,D√©veloppement,Plateforme de d√©veloppement et de collaboration pour les d√©veloppeurs,https://about.gitlab.com,D√©veloppement et collaboration,Gratuit avec options payantes,4.5,"Tr√®s pratique pour les d√©veloppeurs et les √©quipes de d√©veloppement.",GitLab Inc.
Visual Studio Code,Application,D√©veloppement,√âditeur de code source,https://code.visualstudio.com,√âdition de code source,Gratuit,4.7,"Tr√®s pratique pour l'√©dition de code source et la collaboration entre d√©veloppeurs.",Microsoft
Sublime Text,Application,D√©veloppement,√âditeur de code source,https://www.sublimetext.com,√âdition de code source,Payant,4.8,"Tr√®s pratique pour l'√©dition de code source et la productivit√© des d√©veloppeurs.",Sublime HQ Pty Ltd
Atom,Application,D√©veloppement,√âditeur de code source,https://atom.io,√âdition de code source,Gratuit,4.5,"Tr√®s pratique pour l'√©dition de code source et la collaboration entre d√©veloppeurs.",GitHub
PyCharm,Application,D√©veloppement,Environnement de d√©veloppement int√©gr√© pour Python,https://www.jetbrains.com/pycharm,Environnement de d√©veloppement int√©gr√©,Gratuit avec options payantes,4.7,"Tr√®s pratique pour le d√©veloppement en Python et la productivit√© des d√©veloppeurs.",JetBrains
IntelliJ IDEA,Application,D√©veloppement,Environnement de d√©veloppement int√©gr√© pour Java,https://www.jetbrains.com/idea,Environnement de d√©veloppement int√©gr√©,Gratuit avec options payantes,4.7,"Tr√®s pratique pour le d√©veloppement en Java et la productivit√© des d√©veloppeurs.",JetBrains
Eclipse,Application,D√©veloppement,Environnement de d√©veloppement int√©gr√© pour Java,https://www.eclipse.org,Environnement de d√©veloppement int√©gr√©,Gratuit,4.6,"Tr√®s pratique pour le d√©veloppement en Java et la productivit√© des d√©veloppeurs.",Eclipse Foundation
NetBeans,Application,D√©veloppement,Environnement de d√©veloppement int√©gr√© pour Java,https://netbeans.apache.org,Environnement de d√©veloppement int√©gr√©,Gratuit,4.5,"Tr√®s pratique pour le d√©veloppement en Java et la productivit√© des d√©veloppeurs.",Apache Software Foundation
Docker,Application,D√©veloppement,Plateforme de conteneurisation,https://www.docker.com,Conteneurisation,Gratuit avec options payantes,4.7,"Tr√®s pratique pour la conteneurisation et la d√©ploiement d'applications.",Docker Inc.
Kubernetes,Application,D√©veloppement,Syst√®me d'orchestration de conteneurs,https://kubernetes.io,Orchestration de conteneurs,Gratuit,4.6,"Tr√®s pratique pour l
Python,Langage de programmation,G√©n√©raliste,Langage de programmation polyvalent et facile √† apprendre,https://www.python.org,Facile √† apprendre et √† utiliser,Gratuit,4.8,"Tr√®s pratique pour le d√©veloppement web, la science des donn√©es, l'IA et l'apprentissage automatique.",Python Software Foundation
Java,Langage de programmation,G√©n√©raliste,Langage de programmation orient√© objet et multiplateforme,https://www.java.com,Multiplateforme et orient√© objet,Gratuit,4.6,"Tr√®s pratique pour le d√©veloppement d'applications d'entreprise et de jeux.",Oracle Corporation
JavaScript,Langage de programmation,Web,Langage de programmation utilis√© pour le d√©veloppement web c√¥t√© client,https://developer.mozilla.org/en-US/docs/Web/JavaScript,D√©veloppement web c√¥t√© client,Gratuit,4.8,"Tr√®s pratique pour le d√©veloppement web interactif et dynamique.",Mozilla Foundation
C++,Langage de programmation,Syst√®me,Langage de programmation de bas niveau utilis√© pour le d√©veloppement de syst√®mes d'exploitation et de jeux,https://isocpp.org,Syst√®me et bas niveau,Gratuit,4.5,"Tr√®s pratique pour le d√©veloppement de syst√®mes d'exploitation et de jeux.",ISO C++ Standard Committee
C#,Langage de programmation,G√©n√©raliste,Langage de programmation orient√© objet et multiplateforme,https://docs.microsoft.com/en-us/dotnet/csharp/,Orient√© objet et multiplateforme,Gratuit,4.7,"Tr√®s pratique pour le d√©veloppement d'applications d'entreprise et de jeux.",Microsoft
Ruby,Langage de programmation,G√©n√©raliste,Langage de programmation dynamique et orient√© objet,https://www.ruby-lang.org,Dynamique et orient√© objet,Gratuit,4.6,"Tr√®s pratique pour le d√©veloppement web et les applications d'entreprise.",Ruby Association
Swift,Langage de programmation,Mobile,Langage de programmation pour le d√©veloppement d'applications iOS et macOS,https://developer.apple.com/swift/,D√©veloppement mobile,Gratuit,4.7,"Tr√®s pratique pour le d√©veloppement d'applications iOS et macOS.",Apple Inc.
Go,Langage de programmation,Syst√®me,Langage de programmation de bas niveau et concurrent de C++,https://golang.org,Syst√®me et bas niveau,Gratuit,4.6,"Tr√®s pratique pour le d√©veloppement de syst√®mes distribu√©s et de r√©seaux.",Google
Rust,Langage de programmation,Syst√®me,Langage de programmation de bas niveau et concurrent de C++,https://www.rust-lang.org,Syst√®me et bas niveau,Gratuit,4.7,"Tr√®s pratique pour le d√©veloppement de syst√®mes s√ªrs et performants.",Mozilla Research
PHP,Langage de programmation,Web,Langage de programmation utilis√© pour le d√©veloppement web c√¥t√© serveur,https://www.php.net,D√©veloppement web c√¥t√© serveur,Gratuit,4.4,"Tr√®s pratique pour le d√©veloppement web dynamique et la gestion de contenu.",PHP.net
SQL,Langage de programmation,Web,Langage de programmation utilis√© pour la gestion de bases de donn√©es,https://www.sql.org,Gestion de bases de donn√©es,Gratuit,4.6,"Tr√®s pratique pour la gestion et l'interrogation de bases de donn√©es.",ANSI SQL
TensorFlow,Framework,Machine Learning,Framework open-source pour le d√©veloppement d'applications d'apprentissage automatique,https://www.tensorflow.org,Apprentissage automatique,Gratuit,4.6,"Tr√®s pratique pour le d√©veloppement d'applications d'apprentissage automatique.",Google
PyTorch,Framework,Machine Learning,Framework open-source pour le d√©veloppement d'applications d'apprentissage automatique,https://pytorch.org,Apprentissage automatique,Gratuit,4.7,"Tr√®s pratique pour le d√©veloppement d'applications d'apprentissage automatique.",Facebook
Keras,Framework,Machine Learning,Framework open-source pour le d√©veloppement d'applications d'apprentissage automatique,https://keras.io,Apprentissage automatique,Gratuit,4.8,"Tr√®s pratique pour le d√©veloppement d'applications d'apprentissage automatique.",Fran√ßois Chollet
OpenCV,Biblioth√®que,Computer Vision,Biblioth√®que open-source pour le d√©veloppement d'applications de vision par ordinateur,https://opencv.org,Vision par ordinateur,Gratuit,4.7,"Tr√®s pratique pour le d√©veloppement d'applications de vision par ordinateur.",OpenCV Foundation
scikit-learn,Biblioth√®que,Machine Learning,Biblioth√®que open-source pour le d√©veloppement d'applications d'apprentissage automatique,https://scikit-learn.org,Apprentissage automatique,Gratuit,4.6,"Tr√®s pratique pour le d√©veloppement d'applications d'apprentissage automatique.",scikit-learn community
Gensim,Biblioth√®que,NLP,Biblioth√®que open-source pour le d√©veloppement d'applications de traitement du langage naturel,https://radimrehurek.com/gensim/,Traitement du langage naturel,Gratuit,4.5,"Tr√®s pratique pour le d√©veloppement d'applications de traitement du langage naturel.",Radim ≈òeh≈Ø≈ôek
spaCy,Biblioth√®que,NLP,Biblioth√®que open-source pour le d√©veloppement d'applications de traitement du langage naturel,https://spacy.io,Traitement du langage naturel,Gratuit,4.7,"Tr√®s pratique pour le d√©veloppement d'applications de traitement du langage naturel.",spaCy
Stanford CoreNLP,Biblioth√®que,NLP,Biblioth√®que open-source pour le d√©veloppement d'applications de traitement du langage naturel,https://stanfordnlp.github.io/CoreNLP/,Traitement du langage naturel,Gratuit,4.6,"Tr√®s pratique pour le d√©veloppement d'applications de traitement du langage naturel.",Stanford University
Weka,Biblioth√®que,Machine Learning,Biblioth√®que open-source pour le d√©veloppement d'applications d'apprentissage automatique,https://www.cs.waikato.ac.nz/ml/weka/,Apprentissage automatique,Gratuit,4.5,"Tr√®s pratique pour le d√©veloppement d'applications d'apprentissage automatique.",University of Waikato
RapidMiner,Application,Machine Learning,Application de data mining et d'apprentissage automatique,https://rapidminer.com,Data mining et apprentissage automatique,Gratuit avec options payantes,4.6,"Tr√®s pratique pour le data mining et l'apprentissage automatique.",RapidMiner GmbH
IBM Watson,Service,Machine Learning,Service d'IA pour le d√©veloppement d'applications d'apprentissage automatique,https://www.ibm.com/watson,Apprentissage automatique,Payant,4.5,"Tr√®s pratique pour le d√©veloppement d'applications d'apprentissage automatique.",IBM
GPT-2/3/4/5,IA,NLP,IAs de langage pr√©-entra√Æn√©s pour la g√©n√©ration de texte,https://openai.com/blog/openai-api/,G√©n√©ration de texte,Payant,4.6,"Tr√®s pratique pour la g√©n√©ration de texte et la compr√©hension du langage naturel.",OpenAI
BERT,IA,NLP,IA de langage pr√©-entra√Æn√© pour la compr√©hension du langage naturel,https://github.com/google-research/bert,Compr√©hension du langage naturel,Gratuit,4.7,"Tr√®s pratique pour la compr√©hension du langage naturel et la classification de texte.",Google
RoBERTa,IA,NLP,IA de langage pr√©-entra√Æn√© pour la compr√©hension du langage naturel,https://github.com/pytorch/fairseq/tree/master/examples/roberta,Compr√©hension du langage naturel,Gratuit,4.6,"Tr√®s pratique pour la compr√©hension du langage naturel et la classification de texte.",Facebook
DistilBERT,IA,NLP,IA de langage pr√©-entra√Æn√© pour la compr√©hension du langage naturel,https://github.com/huggingface/transformers,Compr√©hension du langage naturel,Gratuit,4.5,"Tr√®s pratique pour la compr√©hension du langage naturel et la classification de texte.",Hugging Face
DALL-E,IA,G√©n√©ration d'image,IA de g√©n√©ration d'image,https://openai.com/blog/dall-e/,G√©n√©ration d'image,Payant,4.6,"Tr√®s pratique pour la g√©n√©ration d'image √† partir de texte.",OpenAI
CLIP,IA,G√©n√©ration d'image,IA de g√©n√©ration d'image,https://openai.com/blog/clip/,G√©n√©ration d'image,Payant,4.6,"Tr√®s pratique pour la g√©n√©ration d'image √† partir de texte.",OpenAI
CogView,IA,G√©n√©ration d'image,IA de g√©n√©ration d'image,https://arxiv.org/abs/2105.13290,G√©n√©ration d'image,Gratuit,4.5,"Tr√®s pratique pour la g√©n√©ration d'image √† partir de texte.",Stanford University
BigGAN,IA,G√©n√©ration d'image,IA de g√©n√©ration d'image,https://arxiv.org/abs/1809.11096,G√©n√©ration d'image,Gratuit,4.5,"Tr√®s pratique pour la g√©n√©ration d'image r√©aliste.",Google
StyleGAN,IA,G√©n√©ration d'image,IA de g√©n√©ration d'image,https://arxiv.org/abs/1812.04948,G√©n√©ration d'image,Gratuit,4.5,"Tr√®s pratique pour la g√©n√©ration d'image r√©aliste.",NVIDIA
VGG16,IA,Reconnaissance d'image,IA de reconnaissance d'image,https://gist.github.com/barrh/3785162fb53516884828e6b2d7b14077,Reconnaissance d'image,Gratuit,4.5,"Tr√®s pratique pour la reconnaissance d'image.",Visual Geometry Group
ResNet,IA,Reconnaissance d'image,IA de reconnaissance d'image,https://github.com/KaimingHe/deep-residual-networks,Reconnaissance d'image,Gratuit,4.6,"Tr√®s pratique pour la reconnaissance d'image.",Microsoft Research
Transformer,IA,NLP,IA de langage pour la compr√©hension du langage naturel,https://arxiv.org/abs/1706.03762,Compr√©hension du langage naturel,Gratuit,4.7,"Tr√®s pratique pour la compr√©hension du langage naturel et la traduction automatique.",Google Brain
ELMo,IA,NLP,IA de langage pour la compr√©hension du langage naturel,https://allennlp.org/elmo,Compr√©hension du langage naturel,Gratuit,4.6,"Tr√®s pratique pour la compr√©hension du langage naturel et la g√©n√©ration de texte.",Allen Institute for AI
USE (Universal Sentence Encoder),IA,NLP,IA de langage pour l'encodage de phrases,https://tfhub.dev/google/universal-sentence-encoder/2,Encodage de phrases,Gratuit,4.5,"Tr√®s pratique pour l'encodage de phrases et la compr√©hension du langage naturel.",Google
BART,IA,NLP,IA de langage pour la g√©n√©ration de texte,https://arxiv.org/abs/1910.13461,G√©n√©ration de texte,Gratuit,4.5,"Tr√®s pratique pour la g√©n√©ration de texte et la compr√©hension du langage naturel.",Facebook AI
T5,IA,NLP,IA de langage pour la g√©n√©ration de texte,https://arxiv.org/abs/1910.10683,G√©n√©ration de texte,Gratuit,4.5,"Tr√®s pratique pour la g√©n√©ration de texte et la compr√©hension du langage naturel.",Google
mT5,IA,NLP,IA de langage pour la g√©n√©ration de texte multilingue,https://arxiv.org/abs/1910.10683,G√©n√©ration de texte multilingue,Gratuit,4.5,"Tr√®s pratique pour la g√©n√©ration de texte multilingue et la compr√©hension du langage naturel.",Google
XLNet,IA,NLP,IA de langage pour la compr√©hension du langage naturel,https://arxiv.org/abs/1906.08237,Compr√©hension du langage naturel,Gratuit,4.5,"Tr√®s pratique pour la compr√©hension du langage naturel et la g√©n√©ration de texte.",Carnegie Mellon University
ELECTRA,IA,NLP,IA de langage pour la compr√©hension du langage naturel,https://arxiv.org/abs/2003.10555,Compr√©hension du langage naturel,Gratuit,4.5,"Tr√®s pratique pour la compr√©hension du langage naturel et la g√©n√©ration de texte.",Google
DeBERTa,IA,NLP,IA de langage pour la compr√©hension du langage naturel,https://arxiv.org/abs/1909.08053,Compr√©hension du langage naturel,Gratuit,4.5,"Tr√®s pratique pour la compr√©hension du langage naturel et la g√©n√©ration de texte.",Microsoft Research
D√©but de tes ajouts persos,,,,,,,,,
Wawacity,Streaming,Divertissement,Le meilleur site de streaming pour pas se faire chopper par l'ARCOM üòÇ,https://wawacity.tokyo, T√©l√©charger des films,Gratuit,5,Tr√®s cool !,Etonnament inconnus...
